{
    "openapi": "3.0.0",
    "info": {
        "title": "Dinar API Documentation",
        "description": "Dinar API Documentation",
        "contact": {
            "email": "info@just.sd"
        },
        "license": {
            "name": "Apache 2.0",
            "url": "http://www.apache.org/licenses/LICENSE-2.0.html"
        },
        "version": "1.0.0"
    },
    "servers": [
        {
            "url": "http://just.sd/dinar/public/index.php/api/",
            "description": "Dinar API Server"
        }
    ],
    "paths": {
        "/address": {
            "get": {
                "tags": [
                    "Address"
                ],
                "summary": "Get list of addressess",
                "description": "show address",
                "operationId": "get_all_addresses",
                "responses": {
                    "200": {
                        "description": "Successful operation"
                    },
                    "401": {
                        "description": "Unauthenticated"
                    },
                    "403": {
                        "description": "Forbidden"
                    }
                },
                "security": [
                    {
                        "bearer_token": []
                    }
                ]
            },
            "post": {
                "tags": [
                    "Address"
                ],
                "summary": "store address",
                "description": "store address",
                "operationId": "store_address",
                "parameters": [
                    {
                        "name": "user_id",
                        "in": "path",
                        "description": "User Id",
                        "required": true,
                        "schema": {
                            "type": "integer"
                        }
                    },
                    {
                        "name": "city",
                        "in": "path",
                        "description": "city",
                        "required": true,
                        "schema": {
                            "type": "text"
                        }
                    },
                    {
                        "name": "country",
                        "in": "path",
                        "description": "country",
                        "required": true,
                        "schema": {
                            "type": "text"
                        }
                    },
                    {
                        "name": "postcode",
                        "in": "path",
                        "description": "postcode",
                        "required": true,
                        "schema": {
                            "type": "text"
                        }
                    },
                    {
                        "name": "street",
                        "in": "path",
                        "description": "street",
                        "required": true,
                        "schema": {
                            "type": "text"
                        }
                    },
                    {
                        "name": "building",
                        "in": "path",
                        "description": "building",
                        "required": true,
                        "schema": {
                            "type": "text"
                        }
                    },
                    {
                        "name": "floor",
                        "in": "path",
                        "description": "floor",
                        "required": true,
                        "schema": {
                            "type": "integer"
                        }
                    },
                    {
                        "name": "phone",
                        "in": "path",
                        "description": "phone",
                        "required": true,
                        "schema": {
                            "type": "text"
                        }
                    },
                    {
                        "name": "notes",
                        "in": "path",
                        "description": "notes",
                        "required": false,
                        "schema": {
                            "type": "text"
                        }
                    },
                    {
                        "name": "lat",
                        "in": "path",
                        "description": "lat",
                        "required": false,
                        "schema": {
                            "type": "text"
                        }
                    },
                    {
                        "name": "lng",
                        "in": "path",
                        "description": "lng",
                        "required": false,
                        "schema": {
                            "type": "text"
                        }
                    }
                ],
                "responses": {
                    "200": {
                        "description": "Successful operation"
                    },
                    "401": {
                        "description": "Unauthenticated"
                    },
                    "403": {
                        "description": "Forbidden"
                    }
                }
            }
        },
        "/addresses/id}": {
            "get": {
                "tags": [
                    "Address"
                ],
                "summary": "Get address info",
                "description": "Returns Address",
                "operationId": "show_address",
                "responses": {
                    "200": {
                        "description": "Successful operation"
                    },
                    "401": {
                        "description": "Unauthenticated"
                    },
                    "403": {
                        "description": "Forbidden"
                    }
                }
            }
        },
        "/address/{id}": {
            "put": {
                "tags": [
                    "Address"
                ],
                "summary": "update address",
                "description": "update address",
                "operationId": "update_address",
                "parameters": [
                    {
                        "name": "user_id",
                        "in": "path",
                        "description": "User Id",
                        "required": true,
                        "schema": {
                            "type": "integer"
                        }
                    },
                    {
                        "name": "city",
                        "in": "path",
                        "description": "city",
                        "required": true,
                        "schema": {
                            "type": "text"
                        }
                    },
                    {
                        "name": "country",
                        "in": "path",
                        "description": "country",
                        "required": true,
                        "schema": {
                            "type": "text"
                        }
                    },
                    {
                        "name": "postcode",
                        "in": "path",
                        "description": "postcode",
                        "required": true,
                        "schema": {
                            "type": "text"
                        }
                    },
                    {
                        "name": "street",
                        "in": "path",
                        "description": "street",
                        "required": true,
                        "schema": {
                            "type": "text"
                        }
                    },
                    {
                        "name": "building",
                        "in": "path",
                        "description": "building",
                        "required": true,
                        "schema": {
                            "type": "text"
                        }
                    },
                    {
                        "name": "floor",
                        "in": "path",
                        "description": "floor",
                        "required": true,
                        "schema": {
                            "type": "integer"
                        }
                    },
                    {
                        "name": "notes",
                        "in": "path",
                        "description": "notes",
                        "required": false,
                        "schema": {
                            "type": "text"
                        }
                    },
                    {
                        "name": "lat",
                        "in": "path",
                        "description": "lat",
                        "required": false,
                        "schema": {
                            "type": "text"
                        }
                    },
                    {
                        "name": "lng",
                        "in": "path",
                        "description": "lng",
                        "required": false,
                        "schema": {
                            "type": "text"
                        }
                    }
                ],
                "responses": {
                    "200": {
                        "description": "Successful operation"
                    },
                    "401": {
                        "description": "Unauthenticated"
                    },
                    "403": {
                        "description": "Forbidden"
                    }
                }
            },
            "delete": {
                "tags": [
                    "Address"
                ],
                "summary": "delete address",
                "description": "delete address",
                "operationId": "delete_address",
                "parameters": [
                    {
                        "name": "id",
                        "in": "path",
                        "description": "address id",
                        "required": true,
                        "schema": {
                            "type": "integer"
                        }
                    }
                ],
                "responses": {
                    "200": {
                        "description": "Successful operation"
                    },
                    "401": {
                        "description": "Unauthenticated"
                    },
                    "403": {
                        "description": "Forbidden"
                    }
                }
            }
        },
        "/ads": {
            "get": {
                "tags": [
                    "Ads"
                ],
                "summary": "Get list of advertisements",
                "description": "show advertisements",
                "operationId": "get_all_ads",
                "responses": {
                    "200": {
                        "description": "Successful operation"
                    },
                    "401": {
                        "description": "Unauthenticated"
                    },
                    "403": {
                        "description": "Forbidden"
                    }
                }
            }
        },
        "/cart": {
            "get": {
                "tags": [
                    "Cart"
                ],
                "summary": "Get list of Cart items",
                "description": "Returns list of cart items",
                "operationId": "show_cart",
                "responses": {
                    "200": {
                        "description": "Successful operation"
                    },
                    "401": {
                        "description": "Unauthenticated"
                    },
                    "403": {
                        "description": "Forbidden"
                    }
                }
            },
            "post": {
                "tags": [
                    "Cart"
                ],
                "summary": "Store Cart item",
                "description": "Store Cart item",
                "operationId": "store_cart_item",
                "parameters": [
                    {
                        "name": "product_id",
                        "in": "path",
                        "description": "product id",
                        "required": true,
                        "schema": {
                            "type": "integer"
                        }
                    },
                    {
                        "name": "quantity",
                        "in": "path",
                        "description": "Quantiy",
                        "required": true,
                        "schema": {
                            "type": "decimal(24,6)"
                        }
                    },
                    {
                        "name": "unit_id",
                        "in": "path",
                        "description": "Unit Id",
                        "required": true,
                        "schema": {
                            "type": "integer"
                        }
                    },
                    {
                        "name": "price",
                        "in": "path",
                        "description": "Unit price",
                        "required": true,
                        "schema": {
                            "type": "text"
                        }
                    },
                    {
                        "name": "is_required",
                        "in": "path",
                        "description": "Is item required",
                        "required": true,
                        "schema": {
                            "type": "boolean"
                        }
                    },
                    {
                        "name": "ref_ref_cart_id",
                        "in": "path",
                        "description": "Ref cart id",
                        "required": true,
                        "schema": {
                            "type": "integer"
                        }
                    }
                ],
                "responses": {
                    "200": {
                        "description": "Successful operation"
                    },
                    "401": {
                        "description": "Unauthenticated"
                    },
                    "403": {
                        "description": "Forbidden"
                    }
                }
            }
        },
        "/cart/{id}": {
            "put": {
                "tags": [
                    "Cart"
                ],
                "summary": "Update Cart item",
                "description": "Update Cart item",
                "operationId": "update_cart_item",
                "parameters": [
                    {
                        "name": "quantity",
                        "in": "path",
                        "description": "Quantiy",
                        "required": true,
                        "schema": {
                            "type": "decimal(24,6)"
                        }
                    }
                ],
                "responses": {
                    "200": {
                        "description": "Successful operation"
                    },
                    "401": {
                        "description": "Unauthenticated"
                    },
                    "403": {
                        "description": "Forbidden"
                    }
                }
            },
            "delete": {
                "tags": [
                    "Cart"
                ],
                "summary": "Delete Cart item",
                "description": "Delete Cart item",
                "operationId": "delete_cart_item",
                "parameters": [
                    {
                        "name": "id",
                        "in": "path",
                        "description": "Cart item id",
                        "required": true,
                        "schema": {
                            "type": "integer"
                        }
                    }
                ],
                "responses": {
                    "200": {
                        "description": "Successful operation"
                    },
                    "401": {
                        "description": "Unauthenticated"
                    },
                    "403": {
                        "description": "Forbidden"
                    }
                }
            }
        },
        "/categories": {
            "get": {
                "tags": [
                    "Category"
                ],
                "summary": "Get list of main categories",
                "description": "show main categories",
                "operationId": "get_main_categories",
                "responses": {
                    "200": {
                        "description": "Successful operation"
                    },
                    "401": {
                        "description": "Unauthenticated"
                    },
                    "403": {
                        "description": "Forbidden"
                    }
                }
            }
        },
        "/categories/show/{id}": {
            "get": {
                "tags": [
                    "Category"
                ],
                "summary": "Get list of categories",
                "description": "Returns list of categories",
                "operationId": "show_category",
                "parameters": [
                    {
                        "name": "$id",
                        "in": "path",
                        "description": "Category Id",
                        "required": false,
                        "schema": {
                            "type": "integer"
                        }
                    }
                ],
                "requestBody": {
                    "content": {
                        "application/json": {
                            "schema": {}
                        }
                    }
                },
                "responses": {
                    "200": {
                        "description": "Successful operation"
                    },
                    "401": {
                        "description": "Unauthenticated"
                    },
                    "403": {
                        "description": "Forbidden"
                    }
                }
            }
        },
        "/categories/show_by_parent/{category_parent_id}": {
            "get": {
                "tags": [
                    "Category"
                ],
                "summary": "Get list of sub categories by parent id",
                "description": "Get list of sub categories by parent id",
                "operationId": "show_by_parent",
                "parameters": [
                    {
                        "name": "parent_id",
                        "in": "path",
                        "description": "Parent Id",
                        "required": true,
                        "schema": {
                            "type": "integer"
                        }
                    }
                ],
                "requestBody": {
                    "content": {
                        "application/json": {
                            "schema": {}
                        }
                    }
                },
                "responses": {
                    "200": {
                        "description": "Successful operation"
                    },
                    "401": {
                        "description": "Unauthenticated"
                    },
                    "403": {
                        "description": "Forbidden"
                    }
                }
            }
        },
        "/companies": {
            "get": {
                "tags": [
                    "Company"
                ],
                "summary": "Get list of companies",
                "description": "Returns list of companies",
                "operationId": "show_company",
                "responses": {
                    "200": {
                        "description": "Successful operation"
                    },
                    "401": {
                        "description": "Unauthenticated"
                    },
                    "403": {
                        "description": "Forbidden"
                    }
                }
            }
        },
        "/search": {
            "post": {
                "tags": [
                    "General"
                ],
                "summary": "Search",
                "description": "Search for company, category & product",
                "operationId": "search",
                "parameters": [
                    {
                        "name": "keyword",
                        "in": "path",
                        "description": "Keyword",
                        "required": true,
                        "schema": {
                            "type": "text"
                        }
                    }
                ],
                "responses": {
                    "200": {
                        "description": "Successful operation"
                    },
                    "401": {
                        "description": "Unauthenticated"
                    },
                    "403": {
                        "description": "Forbidden"
                    }
                }
            }
        },
        "/orders": {
            "get": {
                "tags": [
                    "Order"
                ],
                "summary": "Get list of orders",
                "description": "show orders",
                "operationId": "get_all_orders",
                "responses": {
                    "200": {
                        "description": "Successful operation"
                    },
                    "401": {
                        "description": "Unauthenticated"
                    },
                    "403": {
                        "description": "Forbidden"
                    }
                }
            },
            "post": {
                "tags": [
                    "Order"
                ],
                "summary": "store order",
                "description": "store order",
                "operationId": "store_order",
                "parameters": [
                    {
                        "name": "address",
                        "in": "path",
                        "description": "Address",
                        "required": true,
                        "schema": {
                            "type": "int"
                        }
                    },
                    {
                        "name": "discount",
                        "in": "path",
                        "description": "Discount (%)",
                        "required": true,
                        "schema": {
                            "type": "decimal(24,6)"
                        }
                    },
                    {
                        "name": "delivery_fee",
                        "in": "path",
                        "description": "Delivery Fee",
                        "required": true,
                        "schema": {
                            "type": "decimal(18,2)"
                        }
                    },
                    {
                        "name": "payment_method",
                        "in": "path",
                        "description": "Payment Method",
                        "required": true,
                        "schema": {
                            "type": "string"
                        }
                    },
                    {
                        "name": "location",
                        "in": "path",
                        "description": "Location",
                        "required": true,
                        "schema": {
                            "type": "string"
                        }
                    },
                    {
                        "name": "delivery_time",
                        "in": "path",
                        "description": "Delivery time Ex. (2024-03-20 01:50:24)",
                        "required": true,
                        "schema": {
                            "type": "DateTime"
                        }
                    },
                    {
                        "name": "tax",
                        "in": "path",
                        "description": "tax (%)",
                        "required": true,
                        "schema": {
                            "type": "decimal(24,6)"
                        }
                    },
                    {
                        "name": "order_details.*.product_id",
                        "in": "path",
                        "description": "For example: 'order{'order_details':[{'product_id':1}]}'",
                        "required": true,
                        "schema": {
                            "type": "integer"
                        }
                    },
                    {
                        "name": "order_details.*.unit_id",
                        "in": "path",
                        "description": "order_details.*.unit_id",
                        "required": true,
                        "schema": {
                            "type": "integer"
                        }
                    },
                    {
                        "name": "order_details.*.qty",
                        "in": "path",
                        "description": "order_details.*.qty",
                        "required": true,
                        "schema": {
                            "type": "integer"
                        }
                    },
                    {
                        "name": "order_details.*.price",
                        "in": "path",
                        "description": "order_details.*.price",
                        "required": true,
                        "schema": {
                            "type": "decimal(24,6)"
                        }
                    }
                ],
                "responses": {
                    "200": {
                        "description": "Successful operation"
                    },
                    "401": {
                        "description": "Unauthenticated"
                    },
                    "403": {
                        "description": "Forbidden"
                    }
                }
            }
        },
        "/orders/{id}": {
            "get": {
                "tags": [
                    "Order"
                ],
                "summary": "Get order info",
                "description": "Returns order",
                "operationId": "show_order",
                "responses": {
                    "200": {
                        "description": "Successful operation"
                    },
                    "401": {
                        "description": "Unauthenticated"
                    },
                    "403": {
                        "description": "Forbidden"
                    }
                }
            }
        },
        "/orders/get_agent_orders": {
            "get": {
                "tags": [
                    "Order"
                ],
                "summary": "Get list of agent orders",
                "description": "show agent orders",
                "operationId": "get_all_agent_orders",
                "responses": {
                    "200": {
                        "description": "Successful operation"
                    },
                    "401": {
                        "description": "Unauthenticated"
                    },
                    "403": {
                        "description": "Forbidden"
                    }
                }
            }
        },
        "/register": {
            "post": {
                "tags": [
                    "Auth"
                ],
                "summary": "register or login",
                "description": "Register or Login",
                "operationId": "register",
                "parameters": [
                    {
                        "name": "country_code",
                        "in": "path",
                        "description": "Country Code",
                        "required": true,
                        "schema": {
                            "type": "text"
                        }
                    },
                    {
                        "name": "phone",
                        "in": "path",
                        "description": "Phone",
                        "required": true,
                        "schema": {
                            "type": "text"
                        }
                    }
                ],
                "responses": {
                    "200": {
                        "description": "Successful operation"
                    },
                    "401": {
                        "description": "Unauthenticated"
                    },
                    "403": {
                        "description": "Forbidden"
                    }
                }
            }
        },
        "/verify": {
            "post": {
                "tags": [
                    "Auth"
                ],
                "summary": "verify by verification code",
                "description": "Verify by Verification Code",
                "operationId": "verify",
                "parameters": [
                    {
                        "name": "verification_code",
                        "in": "path",
                        "description": "Verification Code",
                        "required": true,
                        "schema": {
                            "type": "text"
                        }
                    }
                ],
                "responses": {
                    "200": {
                        "description": "Successful operation"
                    },
                    "401": {
                        "description": "Unauthenticated"
                    },
                    "403": {
                        "description": "Forbidden"
                    }
                }
            }
        },
        "/products": {
            "get": {
                "tags": [
                    "Order"
                ],
                "summary": "Get list of all products",
                "description": "get all products",
                "operationId": "get_products",
                "responses": {
                    "200": {
                        "description": "Successful operation"
                    },
                    "401": {
                        "description": "Unauthenticated"
                    },
                    "403": {
                        "description": "Forbidden"
                    }
                }
            }
        },
        "/products/id}": {
            "get": {
                "tags": [
                    "Product"
                ],
                "summary": "Get product info",
                "description": "Returns product",
                "operationId": "show_product",
                "responses": {
                    "200": {
                        "description": "Successful operation"
                    },
                    "401": {
                        "description": "Unauthenticated"
                    },
                    "403": {
                        "description": "Forbidden"
                    }
                }
            }
        },
        "/products/show_by_category/{category_id}": {
            "get": {
                "tags": [
                    "Product"
                ],
                "summary": "Get list of products related to category",
                "description": "Returns list of products",
                "operationId": "show_by_category",
                "parameters": [
                    {
                        "name": "category_id",
                        "in": "path",
                        "description": "Category Id",
                        "required": true,
                        "schema": {
                            "type": "integer"
                        }
                    }
                ],
                "responses": {
                    "200": {
                        "description": "Successful operation"
                    },
                    "401": {
                        "description": "Unauthenticated"
                    },
                    "403": {
                        "description": "Forbidden"
                    }
                }
            }
        },
        "/product/show_by_company/{company_id}": {
            "get": {
                "tags": [
                    "Product"
                ],
                "summary": "Get list of products related to company",
                "description": "Returns list of company",
                "operationId": "show_by_company",
                "parameters": [
                    {
                        "name": "company_id",
                        "in": "path",
                        "description": "Company Id",
                        "required": true,
                        "schema": {
                            "type": "integer"
                        }
                    }
                ],
                "responses": {
                    "200": {
                        "description": "Successful operation"
                    },
                    "401": {
                        "description": "Unauthenticated"
                    },
                    "403": {
                        "description": "Forbidden"
                    }
                }
            }
        },
        "/stores": {
            "get": {
                "tags": [
                    "Store"
                ],
                "summary": "Get list of stores",
                "description": "Returns list of stores",
                "operationId": "show_store",
                "responses": {
                    "200": {
                        "description": "Successful operation"
                    },
                    "401": {
                        "description": "Unauthenticated"
                    },
                    "403": {
                        "description": "Forbidden"
                    }
                }
            }
        },
        "/store": {
            "post": {
                "tags": [
                    "Store"
                ],
                "summary": "User Store",
                "description": "user store",
                "operationId": "user_store",
                "parameters": [
                    {
                        "name": "owner_name",
                        "in": "path",
                        "description": "Owner Name",
                        "required": true,
                        "schema": {
                            "type": "text"
                        }
                    },
                    {
                        "name": "store_name",
                        "in": "path",
                        "description": "Store Name",
                        "required": true,
                        "schema": {
                            "type": "text"
                        }
                    },
                    {
                        "name": "district",
                        "in": "path",
                        "description": "District",
                        "required": true,
                        "schema": {
                            "type": "text"
                        }
                    },
                    {
                        "name": "address",
                        "in": "path",
                        "description": "Address",
                        "required": true,
                        "schema": {
                            "type": "text"
                        }
                    },
                    {
                        "name": "phone",
                        "in": "path",
                        "description": "Phone",
                        "required": true,
                        "schema": {
                            "type": "text"
                        }
                    },
                    {
                        "name": "lng",
                        "in": "path",
                        "description": "Longitude",
                        "required": true,
                        "schema": {
                            "type": "decimal(18,8)"
                        }
                    },
                    {
                        "name": "lat",
                        "in": "path",
                        "description": "Latitude",
                        "required": true,
                        "schema": {
                            "type": "decimal(18,8)"
                        }
                    }
                ],
                "responses": {
                    "200": {
                        "description": "Successful operation"
                    },
                    "401": {
                        "description": "Unauthenticated"
                    },
                    "403": {
                        "description": "Forbidden"
                    }
                }
            }
        },
        "/store/{id}": {
            "put": {
                "tags": [
                    "Store"
                ],
                "summary": "User Store",
                "description": "update store",
                "operationId": "update_store",
                "parameters": [
                    {
                        "name": "owner_name",
                        "in": "path",
                        "description": "Owner Name",
                        "required": true,
                        "schema": {
                            "type": "text"
                        }
                    },
                    {
                        "name": "store_name",
                        "in": "path",
                        "description": "Store Name",
                        "required": true,
                        "schema": {
                            "type": "text"
                        }
                    },
                    {
                        "name": "district",
                        "in": "path",
                        "description": "District",
                        "required": true,
                        "schema": {
                            "type": "text"
                        }
                    },
                    {
                        "name": "address",
                        "in": "path",
                        "description": "Address",
                        "required": true,
                        "schema": {
                            "type": "text"
                        }
                    },
                    {
                        "name": "phone",
                        "in": "path",
                        "description": "Phone",
                        "required": true,
                        "schema": {
                            "type": "text"
                        }
                    },
                    {
                        "name": "lng",
                        "in": "path",
                        "description": "Longitude",
                        "required": true,
                        "schema": {
                            "type": "decimal(18,8)"
                        }
                    },
                    {
                        "name": "lat",
                        "in": "path",
                        "description": "Latitude",
                        "required": true,
                        "schema": {
                            "type": "decimal(18,8)"
                        }
                    }
                ],
                "responses": {
                    "200": {
                        "description": "Successful operation"
                    },
                    "401": {
                        "description": "Unauthenticated"
                    },
                    "403": {
                        "description": "Forbidden"
                    }
                }
            }
        }
    },
    "tags": [
        {
            "name": "Dinar",
            "description": "API Endpoints of Dinar"
        }
    ],
    "components": {
        "securitySchemes": {
            "bearer_token": {
                "type": "apiKey",
                "description": "Enter token in format (Bearer <token>)",
                "name": "Authorization",
                "in": "header"
            }
        }
    }
}